{
  "selection": [
    {
      "order": 247,
      "name": "info-badge",
      "prevSize": 32,
      "codes": [
        59648,
        59649,
        59650
      ]
    },
    {
      "order": 160,
      "name": "open-tab",
      "prevSize": 32
    },
    {
      "order": 0,
      "name": "ic-new",
      "prevSize": 32
    },
    {
      "order": 162,
      "name": "remove-comment",
      "prevSize": 32
    },
    {
      "order": 163,
      "name": "comment",
      "prevSize": 32
    },
    {
      "order": 164,
      "name": "new-project",
      "prevSize": 32
    },
    {
      "order": 165,
      "name": "record-circle",
      "prevSize": 32
    },
    {
      "order": 166,
      "name": "record-out",
      "prevSize": 32
    },
    {
      "order": 167,
      "name": "download",
      "prevSize": 32
    },
    {
      "order": 168,
      "name": "filter",
      "prevSize": 32
    },
    {
      "order": 169,
      "name": "disable-breakpoints",
      "prevSize": 32
    },
    {
      "order": 170,
      "name": "break-exceptions",
      "prevSize": 32
    },
    {
      "order": 171,
      "name": "stop",
      "prevSize": 32
    },
    {
      "order": 172,
      "name": "open",
      "prevSize": 32
    },
    {
      "order": 173,
      "name": "pencil",
      "prevSize": 32
    },
    {
      "order": 174,
      "name": "step-down",
      "prevSize": 32
    },
    {
      "order": 175,
      "name": "caret-wide",
      "prevSize": 32
    },
    {
      "order": 176,
      "name": "gauge-1",
      "prevSize": 32
    },
    {
      "order": 177,
      "name": "gauge-2",
      "prevSize": 32
    },
    {
      "order": 178,
      "name": "gauge-3",
      "prevSize": 32
    },
    {
      "order": 179,
      "name": "gauge-4",
      "prevSize": 32
    },
    {
      "order": 180,
      "name": "gauge-5",
      "prevSize": 32
    },
    {
      "order": 181,
      "name": "gauge-12",
      "prevSize": 32
    },
    {
      "order": 182,
      "name": "search",
      "prevSize": 32
    },
    {
      "order": 183,
      "name": "caret",
      "prevSize": 32
    },
    {
      "order": 184,
      "name": "check",
      "prevSize": 32
    },
    {
      "order": 185,
      "name": "add",
      "prevSize": 32
    },
    {
      "order": 186,
      "name": "ic_arrow_down",
      "prevSize": 32
    },
    {
      "order": 187,
      "name": "clear",
      "prevSize": 32
    },
    {
      "order": 188,
      "name": "delete",
      "prevSize": 32
    },
    {
      "order": 189,
      "name": "step-into",
      "prevSize": 32
    },
    {
      "order": 190,
      "name": "info",
      "prevSize": 32,
      "ligatures": ""
    },
    {
      "order": 191,
      "name": "more",
      "prevSize": 32
    },
    {
      "order": 192,
      "name": "play-all",
      "prevSize": 32
    },
    {
      "order": 193,
      "name": "play",
      "prevSize": 32
    },
    {
      "order": 194,
      "name": "pause",
      "prevSize": 32
    },
    {
      "order": 195,
      "name": "remove",
      "prevSize": 32
    },
    {
      "order": 196,
      "name": "code",
      "prevSize": 32
    },
    {
      "order": 197,
      "name": "save",
      "prevSize": 32
    },
    {
      "order": 198,
      "name": "select",
      "prevSize": 32
    },
    {
      "order": 0,
      "name": "stop1",
      "prevSize": 32
    }
  ],
  "metadata": {
    "name": "Untitled Set",
    "importSize": {
      "width": 16,
      "height": 16
    },
    "iconsHash": 1519944811
  },
  "height": 1024,
  "prevSize": 32,
  "icons": [
    {
      "paths": [
        "M960 512c0 247.424-200.576 448-448 448s-448-200.576-448-448c0-247.424 200.576-448 448-448s448 200.576 448 448z",
        "M832 512c0 176.731-143.269 320-320 320s-320-143.269-320-320c0-176.731 143.269-320 320-320s320 143.269 320 320z",
        "M480 320h64v96h-64v-96zM480 480h64v224h-64v-224z"
      ],
      "attrs": [
        {
          "fill": "rgb(255, 255, 255)"
        },
        {
          "fill": "rgb(255, 122, 0)"
        },
        {
          "fill": "rgb(255, 255, 255)"
        }
      ],
      "isMulticolor": true,
      "grid": 0,
      "tags": [
        "indi_information@3x"
      ],
      "colorPermutations": {
        "2326012551220125525525518080801": [
          {
            "f": 3
          },
          {
            "f": 2
          },
          {
            "f": 3
          }
        ]
      },
      "defaultCode": 59648
    },
    {
      "paths": [
        "M718.916 284.241h-182.98v-42.667h258.347v253.227h-42.667v-182.92l-244.654 244.615-30.168-30.172 242.121-242.083zM128.493 485.8l0.079-72.959 0.085-79.147 42.667 0.046-0.085 79.147-0.085 79.189-0.171 72.96-0.085 79.092-0.043 79.201-0.085 79.104-0.062 57.848 545.485 0.54-0.030 42.667-588.168-0.57 0.108-100.531 0.085-79.092 0.043-79.201 0.085-79.104 0.085-79.189 0.092-0.001zM941.639 85.993l-0.735 652.243-661.796-0.686 0.686-652.243 661.845 0.686zM322.415 128.018l-0.597 566.91 576.466 0.598 0.639-566.91-576.509-0.598z"
      ],
      "attrs": [
        {
          "fill": "rgb(80, 80, 80)"
        }
      ],
      "colorPermutations": {
        "2326012551220125525525518080801": [
          {
            "f": 0
          }
        ]
      },
      "tags": [
        "open_tab_b@3x"
      ],
      "defaultCode": 59651,
      "grid": 0
    },
    {
      "paths": [
        "M557.278 255.304v42.667h-120.309l-6.278-6.432c-1.919-1.965-1.919-1.965-9.654-9.863-7.258-7.402-14.541-14.803-21.291-21.626-8.741-8.835-16.125-16.221-21.601-21.588-1.775-1.739-3.328-3.246-4.638-4.498 5.519 5.055 1.466 0.702 8.808 0.702h-239.152c-10.079 0-19.38 3.73-26.209 10.214-6.587 6.254-10.287 14.563-10.287 23.36v487.52c0 8.796 3.7 17.105 10.287 23.36 6.829 6.484 16.13 10.214 26.209 10.214h609.674c10.089 0 19.415-3.737 26.24-10.243 6.574-6.216 10.256-14.501 10.256-23.33v-199.801h42.667v199.801c0 20.743-8.638 40.175-23.545 54.272-14.694 14.007-34.56 21.968-55.618 21.968h-609.674c-21.037 0-40.847-7.944-55.587-21.939-14.928-14.173-23.576-33.594-23.576-54.301v-487.52c0-20.707 8.648-40.128 23.576-54.301 14.739-13.994 34.549-21.939 55.587-21.939h239.152c14.184 4.338 14.184 4.338 14.664 5.633 1.546 1.323 1.546 1.323 3.11 2.757 1.989 1.839 4.633 4.379 7.92 7.6 5.665 5.552 13.188 13.076 21.908 21.891 6.96 7.034 14.287 14.479 21.586 21.924 1.365 1.393 2.49 2.542 3.428 3.5h102.348z",
        "M789.333 170.667h42.667v256h-42.667z",
        "M682.667 320v-42.667h256v42.667z"
      ],
      "attrs": [
        {
          "fill": "rgb(80, 80, 80)"
        },
        {
          "fill": "rgb(80, 80, 80)"
        },
        {
          "fill": "rgb(80, 80, 80)"
        }
      ],
      "colorPermutations": {
        "2326012551220125525525518080801": [
          {
            "f": 0
          },
          {
            "f": 0
          },
          {
            "f": 0
          }
        ]
      },
      "tags": [
        "ic_new_folder@3x"
      ],
      "defaultCode": 59686,
      "grid": 0
    },
    {
      "paths": [
        "M298.667 516.566h469.333v-42.667h-469.333z",
        "M484.331 298.668l-43.648 145.365h59.904l43.648-145.365z",
        "M626.679 298.668l-43.648 145.365h59.904l43.648-145.365z",
        "M550.993 550.687l-40.533 135.040h59.904l40.533-135.040z",
        "M408.644 550.687l-40.533 135.040h59.904l40.533-135.040z"
      ],
      "attrs": [
        {
          "fill": "rgb(80, 80, 80)"
        },
        {
          "fill": "rgb(80, 80, 80)"
        },
        {
          "fill": "rgb(80, 80, 80)"
        },
        {
          "fill": "rgb(80, 80, 80)"
        },
        {
          "fill": "rgb(80, 80, 80)"
        }
      ],
      "colorPermutations": {
        "2326012551220125525525518080801": [
          {
            "f": 0
          },
          {
            "f": 0
          },
          {
            "f": 0
          },
          {
            "f": 0
          },
          {
            "f": 0
          }
        ]
      },
      "tags": [
        "ic_note_d"
      ],
      "defaultCode": 59652,
      "grid": 0
    },
    {
      "paths": [
        "M550.229 305.323l-116.224 387.072h-59.904l116.224-387.072h59.904zM692.565 305.323l-116.224 387.072h-59.904l116.224-387.072h59.904z"
      ],
      "attrs": [
        {
          "fill": "rgb(80, 80, 80)"
        }
      ],
      "colorPermutations": {
        "2326012551220125525525518080801": [
          {
            "f": 0
          }
        ]
      },
      "tags": [
        "ic_note"
      ],
      "defaultCode": 59685,
      "grid": 0
    },
    {
      "paths": [
        "M557.278 255.304v42.667h-120.309l-6.278-6.432c-1.919-1.965-1.919-1.965-9.654-9.863-7.258-7.402-14.541-14.803-21.291-21.626-8.741-8.835-16.125-16.221-21.601-21.588-1.775-1.739-3.328-3.246-4.638-4.498 5.519 5.055 1.466 0.702 8.808 0.702h-239.152c-10.079 0-19.38 3.73-26.209 10.214-6.587 6.254-10.287 14.563-10.287 23.36v487.52c0 8.796 3.7 17.105 10.287 23.36 6.829 6.484 16.13 10.214 26.209 10.214h609.674c10.089 0 19.415-3.737 26.24-10.243 6.574-6.216 10.256-14.501 10.256-23.33v-199.801h42.667v199.801c0 20.743-8.638 40.175-23.545 54.272-14.694 14.007-34.56 21.968-55.618 21.968h-609.674c-21.037 0-40.847-7.944-55.587-21.939-14.928-14.173-23.576-33.594-23.576-54.301v-487.52c0-20.707 8.648-40.128 23.576-54.301 14.739-13.994 34.549-21.939 55.587-21.939h239.152c14.184 4.338 14.184 4.338 14.664 5.633 1.546 1.323 1.546 1.323 3.11 2.757 1.989 1.839 4.633 4.379 7.92 7.6 5.665 5.552 13.188 13.076 21.908 21.891 6.96 7.034 14.287 14.479 21.586 21.924 1.365 1.393 2.49 2.542 3.428 3.5h102.348z",
        "M789.333 170.667h42.667v256h-42.667z",
        "M682.667 320v-42.667h256v42.667z"
      ],
      "attrs": [
        {
          "fill": "rgb(80, 80, 80)"
        },
        {
          "fill": "rgb(80, 80, 80)"
        },
        {
          "fill": "rgb(80, 80, 80)"
        }
      ],
      "colorPermutations": {
        "2326012551220125525525518080801": [
          {
            "f": 0
          },
          {
            "f": 0
          },
          {
            "f": 0
          }
        ]
      },
      "tags": [
        "ic_new_folder@3x"
      ],
      "defaultCode": 59678,
      "grid": 0
    },
    {
      "paths": [
        "M512 960c-247.424 0-448-200.576-448-448s200.576-448 448-448c247.424 0 448 200.576 448 448s-200.576 448-448 448zM512 917.333c223.859 0 405.333-181.474 405.333-405.333s-181.474-405.333-405.333-405.333c-223.859 0-405.333 181.474-405.333 405.333s181.474 405.333 405.333 405.333z"
      ],
      "attrs": [
        {
          "fill": "rgb(232, 6, 0)"
        }
      ],
      "colorPermutations": {
        "2326012551220125525525518080801": [
          {
            "f": 1
          }
        ]
      },
      "tags": [
        "ic_record_circle@3x"
      ],
      "defaultCode": 59679,
      "grid": 0
    },
    {
      "paths": [
        "M270.029 442.483v57.75h50.896c10.111 0 17.694-1.167 22.75-3.5 8.944-4.083 13.417-12.153 13.417-24.208 0-13.028-4.326-21.778-12.979-26.25-4.861-2.528-12.153-3.792-21.875-3.792h-52.208zM366.352 410.692c8.118 3.403 14.996 8.41 20.635 15.021 4.667 5.444 8.361 11.472 11.083 18.083s4.083 14.146 4.083 22.604c0 10.208-2.576 20.246-7.729 30.115s-13.66 16.844-25.521 20.927c9.917 3.986 16.941 9.649 21.073 16.99s6.198 18.545 6.198 33.615v14.438c0 9.819 0.389 16.479 1.167 19.979 1.167 5.542 3.889 9.625 8.167 12.25v5.396h-49.437c-1.361-4.764-2.333-8.604-2.917-11.521-1.167-6.028-1.799-12.201-1.896-18.521l-0.292-19.979c-0.194-13.708-2.698-22.847-7.51-27.417s-13.83-6.854-27.052-6.854h-46.375v84.292h-43.896v-214.958h105.438c15.070 0.292 26.663 2.139 34.781 5.542zM599.758 443.213h-113.75v45.646h104.417v37.333h-104.417v55.271h119v38.646h-162.896v-214.958h157.646v38.063zM660.862 427.608c17.5-17.695 39.764-26.542 66.792-26.542 36.167 0 62.611 11.861 79.333 35.583 9.236 13.32 14.194 26.687 14.875 40.104h-44.917c-2.917-10.306-6.66-18.083-11.229-23.333-8.167-9.333-20.271-14-36.312-14-16.333 0-29.215 6.587-38.646 19.76s-14.146 31.816-14.146 55.927c0 24.111 4.983 42.17 14.948 54.177s22.628 18.010 37.99 18.010c15.75 0 27.757-5.153 36.021-15.458 4.569-5.542 8.361-13.854 11.375-24.938h44.479c-3.889 23.431-13.83 42.486-29.823 57.167s-36.483 22.021-61.469 22.021c-30.917 0-55.222-9.917-72.917-29.75-17.695-19.931-26.542-47.25-26.542-81.958 0-37.528 10.062-66.451 30.187-86.771z"
      ],
      "attrs": [
        {
          "fill": "rgb(232, 6, 0)"
        }
      ],
      "colorPermutations": {
        "2326012551220125525525518080801": [
          {
            "f": 1
          }
        ]
      },
      "tags": [
        "ic_record_tipo@3x"
      ],
      "defaultCode": 59680,
      "grid": 0
    },
    {
      "paths": [
        "M789.333 768v-64h42.667v106.667h-640v-106.667h42.667v64z",
        "M667.663 454.167l30.006 30.332-187.521 185.506-183.816-181.778 30.001-30.338 153.81 152.104z",
        "M533.333 640h-42.667v-426.667h42.667z"
      ],
      "attrs": [
        {
          "fill": "rgb(80, 80, 80)"
        },
        {
          "fill": "rgb(80, 80, 80)"
        },
        {
          "fill": "rgb(80, 80, 80)"
        }
      ],
      "colorPermutations": {
        "2326012551220125525525518080801": [
          {
            "f": 0
          },
          {
            "f": 0
          },
          {
            "f": 0
          }
        ]
      },
      "tags": [
        "ic_download"
      ],
      "defaultCode": 59653,
      "grid": 0
    },
    {
      "paths": [
        "M469.333 544c-17.673 0-32-14.327-32-32s14.327-32 32-32h384c17.673 0 32 14.327 32 32s-14.327 32-32 32h-384z",
        "M469.333 800c-17.673 0-32-14.327-32-32s14.327-32 32-32h384c17.673 0 32 14.327 32 32s-14.327 32-32 32h-384z",
        "M469.333 288c-17.673 0-32-14.327-32-32s14.327-32 32-32h384c17.673 0 32 14.327 32 32s-14.327 32-32 32h-384z",
        "M298.667 213.333c-23.564 0-42.667 19.103-42.667 42.667s19.103 42.667 42.667 42.667c23.564 0 42.667-19.103 42.667-42.667s-19.103-42.667-42.667-42.667zM298.667 170.667c47.128 0 85.333 38.205 85.333 85.333s-38.205 85.333-85.333 85.333c-47.128 0-85.333-38.205-85.333-85.333s38.205-85.333 85.333-85.333z",
        "M298.667 469.333c-23.564 0-42.667 19.103-42.667 42.667s19.103 42.667 42.667 42.667c23.564 0 42.667-19.103 42.667-42.667s-19.103-42.667-42.667-42.667zM298.667 426.667c47.128 0 85.333 38.205 85.333 85.333s-38.205 85.333-85.333 85.333c-47.128 0-85.333-38.205-85.333-85.333s38.205-85.333 85.333-85.333z",
        "M298.667 725.333c-23.564 0-42.667 19.103-42.667 42.667s19.103 42.667 42.667 42.667c23.564 0 42.667-19.103 42.667-42.667s-19.103-42.667-42.667-42.667zM298.667 682.667c47.128 0 85.333 38.205 85.333 85.333s-38.205 85.333-85.333 85.333c-47.128 0-85.333-38.205-85.333-85.333s38.205-85.333 85.333-85.333z"
      ],
      "attrs": [
        {
          "fill": "rgb(80, 80, 80)"
        },
        {
          "fill": "rgb(80, 80, 80)"
        },
        {
          "fill": "rgb(80, 80, 80)"
        },
        {
          "fill": "rgb(80, 80, 80)"
        },
        {
          "fill": "rgb(80, 80, 80)"
        },
        {
          "fill": "rgb(80, 80, 80)"
        }
      ],
      "colorPermutations": {
        "2326012551220125525525518080801": [
          {
            "f": 0
          },
          {
            "f": 0
          },
          {
            "f": 0
          },
          {
            "f": 0
          },
          {
            "f": 0
          },
          {
            "f": 0
          }
        ]
      },
      "tags": [
        "ic_filter"
      ],
      "defaultCode": 59669,
      "grid": 0
    },
    {
      "paths": [
        "M568.612 320l130.76-201.301 35.781 23.242-115.662 178.059h133.58l226.139 213.344-226.14 213.322h-410.73l-103.044 158.634-35.781-23.242 87.947-135.392h-184.795v-426.667h461.946zM370.054 704h366.067l180.911-170.657-180.912-170.676h-144.345l-221.721 341.333zM319.176 704l221.721-341.333h-391.564v341.333h169.843z"
      ],
      "attrs": [
        {
          "fill": "rgb(80, 80, 80)"
        }
      ],
      "colorPermutations": {
        "2326012551220125525525518080801": [
          {
            "f": 0
          }
        ]
      },
      "tags": [
        "ic_simaniya"
      ],
      "defaultCode": 59675,
      "grid": 0
    },
    {
      "paths": [
        "M626.874 789.333l162.46-162.46v-229.747l-162.46-162.46h-229.747l-162.46 162.46v229.747l162.46 162.46h229.747zM192 644.547v-265.093l187.453-187.453h265.093l187.453 187.453v265.093l-187.453 187.453h-265.093l-187.453-187.453z",
        "M405.333 362.667h42.667v298.667h-42.667z",
        "M576 362.667h42.667v298.667h-42.667z"
      ],
      "attrs": [
        {
          "fill": "rgb(80, 80, 80)"
        },
        {
          "fill": "rgb(80, 80, 80)"
        },
        {
          "fill": "rgb(80, 80, 80)"
        }
      ],
      "colorPermutations": {
        "2326012551220125525525518080801": [
          {
            "f": 0
          },
          {
            "f": 0
          },
          {
            "f": 0
          }
        ]
      },
      "tags": [
        "ic_stop_outo_running"
      ],
      "defaultCode": 59676,
      "grid": 0
    },
    {
      "paths": [
        "M298.667 298.667v469.333h469.333v-469.333h-469.333zM298.667 256h469.333c23.564 0 42.667 19.103 42.667 42.667v469.333c0 23.564-19.103 42.667-42.667 42.667h-469.333c-23.564 0-42.667-19.103-42.667-42.667v-469.333c0-23.564 19.103-42.667 42.667-42.667z"
      ],
      "attrs": [
        {
          "fill": "rgb(80, 80, 80)"
        }
      ],
      "colorPermutations": {
        "2326012551220125525525518080801": [
          {
            "f": 0
          }
        ]
      },
      "tags": [
        "ic_stop"
      ],
      "defaultCode": 59677,
      "grid": 0
    },
    {
      "paths": [
        "M438.687 170.987c6.642-1.192 13.74 0.778 18.873 5.911l59.928 59.928h217.937c45.233 0 82.133 36.901 82.133 82.133v30.379c0 11.782-9.551 21.333-21.333 21.333s-21.333-9.551-21.333-21.333v-30.379c0-21.669-17.798-39.467-39.467-39.467h-226.773c-5.658 0-11.084-2.248-15.085-6.248l-59.591-59.591h-223.85c-9.656 0-19.1 4.808-26.56 13.724-8.116 9.701-12.906 23.148-12.906 37.617v494.65c0 14.47 4.791 27.916 12.932 37.648 7.423 8.907 16.842 13.693 26.534 13.693h507.349c11.782 0 21.333 9.551 21.333 21.333s-9.551 21.333-21.333 21.333h-507.349c-22.889 0-44.079-10.768-59.285-29.014-14.599-17.45-22.848-40.606-22.848-64.995v-494.65c0-24.389 8.25-47.545 22.848-64.995 15.255-18.234 36.432-29.014 59.285-29.014h228.562z",
        "M716.386 853.653h-422.869c-49.382 0-75.857-49.352-62.354-104.071l80.768-327.223c12.702-51.474 56.349-93.848 100.669-93.848h422.869c49.35 0 75.853 49.369 62.354 104.071l-80.768 327.223c-12.702 51.474-56.349 93.848-100.669 93.848zM716.386 810.987c22.582 0 50.87-27.463 59.246-61.404l80.768-327.223c7.57-30.678-3.437-51.181-20.931-51.181h-422.869c-22.582 0-50.87 27.463-59.246 61.404l-80.768 327.223c-7.575 30.698 3.413 51.181 20.931 51.181h422.869z"
      ],
      "attrs": [
        {
          "fill": "rgb(80, 80, 80)"
        },
        {
          "fill": "rgb(80, 80, 80)"
        }
      ],
      "colorPermutations": {
        "2326012551220125525525518080801": [
          {
            "f": 0
          },
          {
            "f": 0
          }
        ]
      },
      "tags": [
        "ic_open"
      ],
      "defaultCode": 59654,
      "grid": 0
    },
    {
      "paths": [
        "M810.667 218.88l-90.88-90.88c-15.525-15.979-37.218-25.894-61.227-25.894s-45.701 9.915-61.207 25.873l-0.020 0.020-119.040 121.173-361.813 361.813-94.72 242.347c-2.135 5.3-3.374 11.446-3.374 17.881 0 27.099 21.968 49.067 49.067 49.067 6.435 0 12.581-1.239 18.211-3.491l-0.331 0.117 242.347-94.72 361.813-361.813 121.173-119.040c15.979-15.525 25.894-37.218 25.894-61.227s-9.915-45.701-25.873-61.207l-0.020-0.020zM69.973 878.080c-0.778 0.311-1.681 0.492-2.625 0.492-4.006 0-7.253-3.247-7.253-7.253 0-0.944 0.18-1.847 0.509-2.674l-0.017 0.049 19.627-52.48 42.667 42.667zM165.973 841.813l-69.12-69.12 49.493-132.693 152.32 152.32zM327.68 762.027l-151.040-151.040 301.653-301.653 151.040 151.040zM508.587 279.040l120.747-120.747c7.712-7.668 18.343-12.407 30.080-12.407s22.368 4.74 30.082 12.409l-0.002-0.002 90.453 90.453c7.668 7.712 12.407 18.343 12.407 30.080s-4.74 22.368-12.409 30.082l0.002-0.002-120.747 120.747z"
      ],
      "width": 853,
      "tags": [
        "pencil"
      ],
      "defaultCode": 59673,
      "grid": 0
    },
    {
      "paths": [
        "M644.885 605.564c8.333-8.33 8.335-21.837 0.005-30.17s-21.837-8.335-30.17-0.005l-121.472 121.429c-8.334 8.331-8.335 21.84-0.003 30.173l121.643 121.643c8.331 8.331 21.839 8.331 30.17 0s8.331-21.839 0-30.17l-106.555-106.555 106.382-106.344z",
        "M128.666 298.662c0-70.69 57.296-127.986 127.986-127.986 70.694 0 128.014 57.3 128.014 127.986s-57.32 127.986-128.014 127.986c-70.69 0-127.986-57.296-127.986-127.986zM171.332 298.662c0 47.126 38.194 85.32 85.32 85.32 47.133 0 85.347-38.201 85.347-85.32s-38.214-85.32-85.347-85.32c-47.126 0-85.32 38.194-85.32 85.32z",
        "M128 695.769c0-70.69 57.296-127.986 127.986-127.986 70.694 0 128.014 57.3 128.014 127.986s-57.32 127.986-128.014 127.986c-70.69 0-127.986-57.296-127.986-127.986zM170.667 695.769c0 47.126 38.194 85.32 85.32 85.32 47.133 0 85.347-38.201 85.347-85.32s-38.214-85.32-85.347-85.32c-47.126 0-85.32 38.194-85.32 85.32z",
        "M807.697 690.594h-291.072c-11.782 0-21.333 9.551-21.333 21.333s9.551 21.333 21.333 21.333h312.405c11.782 0 21.333-9.551 21.333-21.333v-437.717c0-11.782-9.551-21.333-21.333-21.333h-312.405c-11.782 0-21.333 9.551-21.333 21.333s9.551 21.333 21.333 21.333h291.072v395.051z"
      ],
      "attrs": [
        {
          "fill": "rgb(80, 80, 80)"
        },
        {
          "fill": "rgb(80, 80, 80)"
        },
        {
          "fill": "rgb(80, 80, 80)"
        },
        {
          "fill": "rgb(80, 80, 80)"
        }
      ],
      "colorPermutations": {
        "2326012551220125525525518080801": [
          {
            "f": 0
          },
          {
            "f": 0
          },
          {
            "f": 0
          },
          {
            "f": 0
          }
        ]
      },
      "tags": [
        "ic_go_down"
      ],
      "defaultCode": 59671,
      "grid": 0
    },
    {
      "paths": [
        "M512 624.93l-256-240.93h512z"
      ],
      "attrs": [
        {
          "fill": "rgb(80, 80, 80)"
        }
      ],
      "colorPermutations": {
        "2326012551220125525525518080801": [
          {
            "f": 0
          }
        ]
      },
      "tags": [
        "arrow_d"
      ],
      "defaultCode": 59672,
      "grid": 0
    },
    {
      "paths": [
        "M213.333 576c0-164.938 133.729-298.667 298.667-298.667s298.667 133.729 298.667 298.667c0 164.938-133.729 298.667-298.667 298.667s-298.667-133.729-298.667-298.667zM256 576c0 141.374 114.626 256 256 256s256-114.626 256-256c0-141.374-114.626-256-256-256s-256 114.626-256 256z",
        "M384 213.333c-11.782 0-21.333-9.551-21.333-21.333s9.551-21.333 21.333-21.333h256c11.782 0 21.333 9.551 21.333 21.333s-9.551 21.333-21.333 21.333h-256z",
        "M499.438 538.309c10.677-3.959 22.98-2.999 33.207 3.642l0.215 0.139c17.23 11.189 22.124 34.322 10.929 51.561-11.297 17.396-34.425 22.312-51.642 11.131l-0.215-0.139c-10.985-7.134-16.963-19.132-16.946-31.355l-137.954-89.588c-9.881-6.417-12.69-19.629-6.273-29.511s19.629-12.69 29.511-6.273l138.553 89.977c0.208 0.135 0.413 0.273 0.615 0.415z"
      ],
      "attrs": [
        {
          "fill": "rgb(80, 80, 80)"
        },
        {
          "fill": "rgb(80, 80, 80)"
        },
        {
          "fill": "rgb(80, 80, 80)"
        }
      ],
      "colorPermutations": {
        "2326012551220125525525518080801": [
          {
            "f": 0
          },
          {
            "f": 0
          },
          {
            "f": 0
          }
        ]
      },
      "tags": [
        "ic_speed_6"
      ],
      "defaultCode": 59660,
      "grid": 0
    },
    {
      "paths": [
        "M213.333 576c0-164.938 133.729-298.667 298.667-298.667s298.667 133.729 298.667 298.667c0 164.938-133.729 298.667-298.667 298.667s-298.667-133.729-298.667-298.667zM256 576c0 141.374 114.626 256 256 256s256-114.626 256-256c0-141.374-114.626-256-256-256s-256 114.626-256 256z",
        "M384 213.333c-11.782 0-21.333-9.551-21.333-21.333s9.551-21.333 21.333-21.333h256c11.782 0 21.333 9.551 21.333 21.333s-9.551 21.333-21.333 21.333h-256z",
        "M481.108 562.894c2.105-11.191 9.265-21.243 20.225-26.588l0.23-0.112c18.465-9.006 40.814-1.287 49.825 17.188 9.093 18.643 1.395 40.999-17.056 49.998l-0.23 0.112c-11.773 5.742-25.136 4.686-35.604-1.623l-147.843 72.108c-10.59 5.165-23.361 0.767-28.526-9.822s-0.767-23.361 9.822-28.526l148.486-72.421c0.223-0.109 0.447-0.213 0.672-0.314z"
      ],
      "attrs": [
        {
          "fill": "rgb(80, 80, 80)"
        },
        {
          "fill": "rgb(80, 80, 80)"
        },
        {
          "fill": "rgb(80, 80, 80)"
        }
      ],
      "colorPermutations": {
        "2326012551220125525525518080801": [
          {
            "f": 0
          },
          {
            "f": 0
          },
          {
            "f": 0
          }
        ]
      },
      "tags": [
        "ic_speed_5"
      ],
      "defaultCode": 59662,
      "grid": 0
    },
    {
      "paths": [
        "M213.333 576c0-164.938 133.729-298.667 298.667-298.667s298.667 133.729 298.667 298.667c0 164.938-133.729 298.667-298.667 298.667s-298.667-133.729-298.667-298.667zM256 576c0 141.374 114.626 256 256 256s256-114.626 256-256c0-141.374-114.626-256-256-256s-256 114.626-256 256z",
        "M384 213.333c-11.782 0-21.333-9.551-21.333-21.333s9.551-21.333 21.333-21.333h256c11.782 0 21.333 9.551 21.333 21.333s-9.551 21.333-21.333 21.333h-256z",
        "M494.946 592.854c-9.136-6.798-15.031-17.639-15.031-29.833v-0.256c0-20.544 16.735-37.248 37.291-37.248 20.742 0 37.461 16.719 37.461 37.248v0.256c0 13.099-6.807 24.646-17.067 31.289v164.491c0 11.782-9.551 21.333-21.333 21.333s-21.333-9.551-21.333-21.333v-165.205c0-0.248 0.004-0.495 0.013-0.742z"
      ],
      "attrs": [
        {
          "fill": "rgb(80, 80, 80)"
        },
        {
          "fill": "rgb(80, 80, 80)"
        },
        {
          "fill": "rgb(80, 80, 80)"
        }
      ],
      "colorPermutations": {
        "2326012551220125525525518080801": [
          {
            "f": 0
          },
          {
            "f": 0
          },
          {
            "f": 0
          }
        ]
      },
      "tags": [
        "ic_speed_4"
      ],
      "defaultCode": 59666,
      "grid": 0
    },
    {
      "paths": [
        "M213.333 576c0-164.938 133.729-298.667 298.667-298.667s298.667 133.729 298.667 298.667c0 164.938-133.729 298.667-298.667 298.667s-298.667-133.729-298.667-298.667zM256 576c0 141.374 114.626 256 256 256s256-114.626 256-256c0-141.374-114.626-256-256-256s-256 114.626-256 256z",
        "M384 213.333c-11.782 0-21.333-9.551-21.333-21.333s9.551-21.333 21.333-21.333h256c11.782 0 21.333 9.551 21.333 21.333s-9.551 21.333-21.333 21.333h-256z",
        "M527.471 593.824c-10.205 5.054-22.541 5.385-33.406-0.151l-0.228-0.116c-18.305-9.327-25.591-31.821-16.259-50.136 9.417-18.481 31.904-25.788 50.195-16.468l0.228 0.116c11.671 5.947 18.87 17.254 20.131 29.412l146.562 74.677c10.498 5.349 14.672 18.195 9.323 28.693s-18.195 14.672-28.693 9.323l-147.199-75.002c-0.221-0.113-0.44-0.229-0.655-0.348z"
      ],
      "attrs": [
        {
          "fill": "rgb(80, 80, 80)"
        },
        {
          "fill": "rgb(80, 80, 80)"
        },
        {
          "fill": "rgb(80, 80, 80)"
        }
      ],
      "colorPermutations": {
        "2326012551220125525525518080801": [
          {
            "f": 0
          },
          {
            "f": 0
          },
          {
            "f": 0
          }
        ]
      },
      "tags": [
        "ic_speed_3"
      ],
      "defaultCode": 59667,
      "grid": 0
    },
    {
      "paths": [
        "M543.138 566.914c-0.726 11.364-6.607 22.213-16.834 28.855l-0.215 0.139c-17.23 11.189-40.353 6.252-51.549-10.988-11.297-17.396-6.381-40.524 10.836-51.704l0.215-0.139c10.985-7.134 24.377-7.715 35.537-2.728l137.954-89.588c9.881-6.417 23.094-3.609 29.511 6.273s3.609 23.094-6.273 29.511l-138.553 89.977c-0.208 0.135-0.418 0.266-0.629 0.393z",
        "M213.333 576c0-164.938 133.729-298.667 298.667-298.667s298.667 133.729 298.667 298.667c0 164.938-133.729 298.667-298.667 298.667s-298.667-133.729-298.667-298.667zM256 576c0 141.374 114.626 256 256 256s256-114.626 256-256c0-141.374-114.626-256-256-256s-256 114.626-256 256z",
        "M384 213.333c-11.782 0-21.333-9.551-21.333-21.333s9.551-21.333 21.333-21.333h256c11.782 0 21.333 9.551 21.333 21.333s-9.551 21.333-21.333 21.333h-256z"
      ],
      "attrs": [
        {
          "fill": "rgb(80, 80, 80)"
        },
        {
          "fill": "rgb(80, 80, 80)"
        },
        {
          "fill": "rgb(80, 80, 80)"
        }
      ],
      "colorPermutations": {
        "2326012551220125525525518080801": [
          {
            "f": 0
          },
          {
            "f": 0
          },
          {
            "f": 0
          }
        ]
      },
      "tags": [
        "ic_speed_2"
      ],
      "defaultCode": 59668,
      "grid": 0
    },
    {
      "paths": [
        "M529.054 540.748c9.136 6.798 15.031 17.639 15.031 29.833v0.256c0 20.544-16.735 37.248-37.291 37.248-20.742 0-37.461-16.719-37.461-37.248v-0.256c0-13.099 6.807-24.646 17.067-31.289v-164.491c0-11.782 9.551-21.333 21.333-21.333s21.333 9.551 21.333 21.333v165.205c0 0.248-0.004 0.495-0.013 0.742z",
        "M213.333 576c0-164.938 133.729-298.667 298.667-298.667s298.667 133.729 298.667 298.667c0 164.938-133.729 298.667-298.667 298.667s-298.667-133.729-298.667-298.667zM256 576c0 141.374 114.626 256 256 256s256-114.626 256-256c0-141.374-114.626-256-256-256s-256 114.626-256 256z",
        "M384 213.333c-11.782 0-21.333-9.551-21.333-21.333s9.551-21.333 21.333-21.333h256c11.782 0 21.333 9.551 21.333 21.333s-9.551 21.333-21.333 21.333h-256z"
      ],
      "attrs": [
        {
          "fill": "rgb(80, 80, 80)"
        },
        {
          "fill": "rgb(80, 80, 80)"
        },
        {
          "fill": "rgb(80, 80, 80)"
        }
      ],
      "colorPermutations": {
        "2326012551220125525525518080801": [
          {
            "f": 0
          },
          {
            "f": 0
          },
          {
            "f": 0
          }
        ]
      },
      "tags": [
        "ic_speed_1"
      ],
      "defaultCode": 59674,
      "grid": 0
    },
    {
      "paths": [
        "M664.858 654.157l247.080 247.080-30.17 30.17-248.41-248.41c-53.207 42.419-120.626 67.77-193.977 67.77-171.967 0-311.381-139.4-311.381-311.381s139.414-311.381 311.381-311.381c171.995 0 311.381 139.386 311.381 311.381 0 83.274-32.674 158.904-85.904 214.772zM170.667 439.386c0 148.416 120.311 268.715 268.715 268.715 148.431 0 268.715-120.283 268.715-268.715s-120.283-268.715-268.715-268.715c-148.404 0-268.715 120.299-268.715 268.715z"
      ],
      "attrs": [
        {
          "fill": "rgb(80, 80, 80)"
        }
      ],
      "colorPermutations": {
        "2326012551220125525525518080801": [
          {
            "f": 0
          }
        ]
      },
      "tags": [
        "ic_new_search"
      ],
      "defaultCode": 59670,
      "grid": 0
    },
    {
      "paths": [
        "M802.361 517.916l-580.722 398.222v-796.444z"
      ],
      "attrs": [
        {
          "fill": "rgb(80, 80, 80)"
        }
      ],
      "colorPermutations": {
        "2326012551220125525525518080801": [
          {
            "f": 0
          }
        ]
      },
      "tags": [
        "ic_tick"
      ],
      "defaultCode": 59655,
      "grid": 0
    },
    {
      "paths": [
        "M1162.436 0l-725.72 738.835-295.426-298.127-141.291 155.544 436.716 427.747 879.855-881.418z"
      ],
      "width": 1317,
      "tags": [
        "tik"
      ],
      "defaultCode": 59664,
      "grid": 0
    },
    {
      "paths": [
        "M490.667 490.667h-192c-11.782 0-21.333 9.551-21.333 21.333s9.551 21.333 21.333 21.333h192v192c0 11.782 9.551 21.333 21.333 21.333s21.333-9.551 21.333-21.333v-192h192c11.782 0 21.333-9.551 21.333-21.333s-9.551-21.333-21.333-21.333h-192v-192c0-11.782-9.551-21.333-21.333-21.333s-21.333 9.551-21.333 21.333v192z"
      ],
      "tags": [
        "ic_add"
      ],
      "defaultCode": 59661,
      "grid": 0
    },
    {
      "paths": [
        "M228.418 371.944l-30.17 30.17 306.2 306.2 306.626-306.626-30.17-30.17-276.456 276.456z"
      ],
      "tags": [
        "ic_arrow_down"
      ],
      "defaultCode": 59656,
      "grid": 0
    },
    {
      "paths": [
        "M271.141 301.311c-49.277 56.288-79.141 130.001-79.141 210.689 0 176.731 143.269 320 320 320 80.688 0 154.401-29.864 210.689-79.141l-451.548-451.548zM301.311 271.141l451.548 451.548c49.277-56.288 79.141-130.001 79.141-210.689 0-176.731-143.269-320-320-320-80.688 0-154.401 29.864-210.689 79.141zM512 874.667c-200.295 0-362.667-162.371-362.667-362.667s162.371-362.667 362.667-362.667c200.295 0 362.667 162.371 362.667 362.667s-162.371 362.667-362.667 362.667z"
      ],
      "tags": [
        "ic_cross_delete"
      ],
      "defaultCode": 59681,
      "grid": 0
    },
    {
      "paths": [
        "M802.598 343.718c11.685 0 21.333-9.649 21.333-21.333v-25.771c0-11.685-9.649-21.333-21.333-21.333h-567.936c-11.685 0-21.333 9.649-21.333 21.333v25.771c0 11.685 9.649 21.333 21.333 21.333h567.936zM673.835 232.614h128.764c35.249 0 64 28.751 64 64v25.771c0 35.249-28.751 64-64 64h-2.769v492.924c0 30.792-24.413 56.277-54.827 56.277h-452.736c-30.414 0-54.827-25.485-54.827-56.277v-492.924h-2.778c-35.249 0-64-28.751-64-64v-25.771c0-35.249 28.751-64 64-64h128.772v-48.354c0-30.993 25.263-56.277 56.277-56.277h197.845c30.982 0 56.277 25.295 56.277 56.277v48.354zM631.168 232.614v-48.354c0-7.418-6.193-13.611-13.611-13.611h-197.845c-7.442 0-13.611 6.174-13.611 13.611v48.354h225.067zM757.163 386.385h-477.056v492.924c0 7.629 5.73 13.611 12.16 13.611h452.736c6.43 0 12.16-5.982 12.16-13.611v-492.924zM360.917 503.945h42.667v316.501h-42.667v-316.501zM497.301 503.945h42.667v316.501h-42.667v-316.501zM633.685 503.945h42.667v316.501h-42.667v-316.501z"
      ],
      "tags": [
        "ic_delete"
      ],
      "defaultCode": 59657,
      "grid": 0
    },
    {
      "paths": [
        "M585.707 726.412l-101.288-101.288c-8.331-8.331-21.839-8.331-30.17 0s-8.331 21.839 0 30.17l142.072 142.072c8.331 8.331 21.839 8.331 30.17 0l142.281-142.281c8.331-8.331 8.331-21.839 0-30.17s-21.839-8.331-30.17 0l-110.228 110.228v-436.476c0-11.782-9.551-21.333-21.333-21.333h-351.040c-11.782 0-21.333 9.551-21.333 21.333s9.551 21.333 21.333 21.333h329.707v406.412z"
      ],
      "tags": [
        "ic_go_down"
      ],
      "defaultCode": 59658,
      "grid": 0
    },
    {
      "paths": [
        "M480 426.667v278.153h64v-278.153z",
        "M544 382.336v-83.669h-64v83.669z",
        "M149.333 512c0-200.303 162.367-362.667 362.647-362.667 200.312 0 362.686 162.358 362.686 362.667s-162.374 362.667-362.686 362.667c-200.28 0-362.647-162.364-362.647-362.667zM192 512c0 176.738 143.265 320 319.981 320 176.749 0 320.019-143.256 320.019-320s-143.27-320-320.019-320c-176.716 0-319.981 143.262-319.981 320z"
      ],
      "tags": [
        "ic_info_i"
      ],
      "defaultCode": 59659,
      "grid": 0
    },
    {
      "paths": [
        "M576 298.667c0 35.346-28.654 64-64 64s-64-28.654-64-64c0-35.346 28.654-64 64-64s64 28.654 64 64z",
        "M576 512c0 35.346-28.654 64-64 64s-64-28.654-64-64c0-35.346 28.654-64 64-64s64 28.654 64 64z",
        "M576 725.333c0 35.346-28.654 64-64 64s-64-28.654-64-64c0-35.346 28.654-64 64-64s64 28.654 64 64z"
      ],
      "tags": [
        "ic_more"
      ],
      "defaultCode": 59665,
      "grid": 0
    },
    {
      "paths": [
        "M746.667 373.333h146.219c17.673 0 32-14.327 32-32s-14.327-32-32-32h-146.219c-17.673 0-32 14.327-32 32s14.327 32 32 32z",
        "M746.667 544h146.219c17.673 0 32-14.327 32-32s-14.327-32-32-32h-146.219c-17.673 0-32 14.327-32 32s14.327 32 32 32z",
        "M746.667 714.667h146.219c17.673 0 32-14.327 32-32s-14.327-32-32-32h-146.219c-17.673 0-32 14.327-32 32s14.327 32 32 32z",
        "M149.333 300.124v432.024l402.855-216-402.855-216.023zM138.082 245.677l469.333 251.671c15.003 8.045 15.002 29.558-0.001 37.602l-469.333 251.644c-14.212 7.62-31.414-2.676-31.414-18.801v-503.315c0-16.126 17.203-26.422 31.415-18.801z"
      ],
      "tags": [
        "ic_play_all"
      ],
      "defaultCode": 59663,
      "grid": 0
    },
    {
      "paths": [
        "M320 300.124v432.024l402.855-216-402.855-216.023zM308.748 245.677l469.333 251.671c15.003 8.045 15.002 29.558-0.001 37.602l-469.333 251.644c-14.212 7.62-31.414-2.676-31.414-18.801v-503.315c0-16.126 17.203-26.422 31.415-18.801z"
      ],
      "tags": [
        "ic_play"
      ],
      "defaultCode": 59682,
      "grid": 0
    },
    {
      "paths": [
        "M298.667 298.667v469.333c0 23.564 19.103 42.667 42.667 42.667s42.667-19.103 42.667-42.667v-469.333c0-23.564-19.103-42.667-42.667-42.667s-42.667 19.103-42.667 42.667z",
        "M597.333 298.667v469.333c0 23.564 19.103 42.667 42.667 42.667s42.667-19.103 42.667-42.667v-469.333c0-23.564-19.103-42.667-42.667-42.667s-42.667 19.103-42.667 42.667z"
      ],
      "tags": [
        "ic_pouse"
      ],
      "defaultCode": 59683,
      "grid": 0
    },
    {
      "paths": [
        "M542.17 512l198.248-198.248c8.331-8.331 8.331-21.839 0-30.17s-21.839-8.331-30.17 0l-198.248 198.248-198.248-198.248c-8.331-8.331-21.839-8.331-30.17 0s-8.331 21.839 0 30.17l198.248 198.248-198.248 198.248c-8.331 8.331-8.331 21.839 0 30.17s21.839 8.331 30.17 0l198.248-198.248 198.248 198.248c8.331 8.331 21.839 8.331 30.17 0s8.331-21.839 0-30.17l-198.248-198.248z"
      ],
      "tags": [
        "ic_remove"
      ],
      "defaultCode": 59684,
      "grid": 0
    },
    {
      "paths": [
        "M158.17 510.278l281.86-281.86-30.17-30.17-312.030 312.030 294.89 294.89 30.17-30.17z",
        "M609.83 774.999l30.17 30.17 312.030-312.030-294.89-294.89-30.17 30.17 264.72 264.72z"
      ],
      "tags": [
        "ic_resource"
      ],
      "defaultCode": 59687,
      "grid": 0
    },
    {
      "paths": [
        "M746.728 192l127.939 111.566v571.101h-682.667v-682.667h554.728zM730.738 234.667h-496.071v597.333h597.333v-509.030l-101.262-88.303z",
        "M405.333 405.333v-149.333h-42.667v192h341.333v-192h-42.667v149.333z",
        "M576 256v85.333h42.667v-85.333z",
        "M704 618.667v192h42.667v-234.667h-426.667v234.667h42.667v-192z"
      ],
      "tags": [
        "ic_save"
      ],
      "defaultCode": 59688,
      "grid": 0
    },
    {
      "paths": [
        "M426.667 426.667l103.022 383.987 280.964-280.964z",
        "M437.333 874.667h-245.333c-5.669 0-11.020-2.278-15.038-6.296s-6.296-9.368-6.296-15.038v-661.333c0-5.669 2.278-11.020 6.296-15.038s9.368-6.296 15.038-6.296h661.333c5.669 0 11.020 2.278 15.038 6.296s6.296 9.368 6.296 15.038v245.333h42.667v-245.333c0-17.139-6.877-33.292-18.792-45.208s-28.069-18.792-45.208-18.792h-661.333c-17.139 0-33.292 6.877-45.208 18.792s-18.792 28.069-18.792 45.208v661.333c0 17.139 6.877 33.292 18.792 45.208s28.069 18.792 45.208 18.792h245.333v-42.667z",
        "M438.572 468.742l415.085 415.085 30.17-30.17-415.085-415.085z"
      ],
      "tags": [
        "ic_select"
      ],
      "defaultCode": 59689,
      "grid": 0
    },
    {
      "paths": [
        "M256 256v512h512v-512h-512zM256 213.333h512c23.564 0 42.667 19.103 42.667 42.667v512c0 23.564-19.103 42.667-42.667 42.667h-512c-23.564 0-42.667-19.103-42.667-42.667v-512c0-23.564 19.103-42.667 42.667-42.667z"
      ],
      "tags": [
        "ic_stop"
      ],
      "defaultCode": 59690,
      "grid": 0
    }
  ],
  "colorThemes": [
    [
      [
        80,
        80,
        80,
        1
      ],
      [
        232,
        6,
        0,
        1
      ],
      [
        255,
        122,
        0,
        1
      ],
      [
        255,
        255,
        255,
        1
      ]
    ]
  ],
  "colorThemeIdx": 0,
  "preferences": {
    "showGlyphs": true,
    "showQuickUse": true,
    "showQuickUse2": true,
    "showSVGs": true,
    "fontPref": {
      "prefix": "si-",
      "metadata": {
        "fontFamily": "selenium-ide",
        "majorVersion": 1,
        "minorVersion": 0
      },
      "metrics": {
        "emSize": 1024,
        "baseline": 6.25,
        "whitespace": 50
      },
      "embed": false,
      "showSelector": true,
      "showMetrics": true,
      "showMetadata": true,
      "showVersion": true,
      "noie8": true,
      "ie7": false,
      "selector": "",
      "includeMetadata": false
    },
    "imagePref": {
      "prefix": "icon-",
      "png": true,
      "useClassSelector": true,
      "color": 0,
      "bgColor": 16777215,
      "classSelector": ".icon",
      "name": "icomoon",
      "height": 32,
      "columns": 16,
      "margin": 16
    },
    "historySize": 50,
    "showCodes": true,
    "gridSize": 16,
    "showLiga": false
  },
  "IcoMoonType": "icon-set"
}